{
   "type" : "rig",
   "skeleton": {
     "ATTITEM00": [-10.00000,0.000000,37.000000],
		 "ATTITEM01": [-6.000000,0.000000,37.000000],
		 "ATTITEM02": [-2.000000,0.000000,37.000000],
		 "ATTITEM03": [2.000000,0.000000,37.000000],
		 "ATTITEM04": [6.00000,0.000000,37.000000],
		 "ATTITEM05": [10.000000,0.000000,37.000000],
		 "ATTITEM06": [-10.000000,0.000000,23.000000],
		 "ATTITEM07": [-6.000000,0.000000,23.000000],
		 "ATTITEM08": [-2.000000,0.000000,23.000000],
		 "ATTITEM09": [2.000000,0.000000,23.000000],
		 "ATTITEM10": [6.00000,0.000000,23.000000],
		 "ATTITEM11": [10.000000,0.000000,23.000000],
		 "ATTITEM12": [-10.000000,0.000000,9.000000],
		 "ATTITEM13": [-6.000000,0.000000,9.000000],
		 "ATTITEM14": [-2.000000,0.000000,9.000000],
		 "ATTITEM15": [2.000000,0.000000,9.000000],
		 "ATTITEM16": [6.000000,0.000000,9.000000],
		 "ATTITEM17": [10.000000,0.000000,9.000000],
		 "bookCase": [0.000000,0.000000,0.000000],
		 "root": [0.000000,0.000000,0.000000]
   },
   "animation_root" : "file(animations)",
   "effects_root": "file(effects)"
}
