{
   "type" : "rig",
   "skeleton": {
     "ATTITEM00": [-11.000000,0.000000,3.000000],
		 "ATTITEM01": [-9.000000,0.000000,3.000000],
		 "ATTITEM02": [-7.000000,0.000000,3.000000],
		 "ATTITEM03": [-5.000000,0.000000,3.000000],
		 "ATTITEM04": [-3.000000,0.000000,3.000000],
		 "ATTITEM05": [-1.000000,0.000000,3.000000],
		 "ATTITEM06": [1.000000,0.000000,3.000000],
		 "ATTITEM07": [3.000000,0.000000,3.000000],
		 "ATTITEM08": [5.000000,0.000000,3.000000],
		 "ATTITEM09": [7.000000,0.000000,3.000000],
		 "ATTITEM10": [9.000000,0.000000,3.000000],
		 "ATTITEM11": [11.000000,0.000000,3.000000],
		 "bookCase": [0.000000,0.000000,0.000000],
		 "root": [0.000000,0.000000,0.000000]
   },
   "animation_root" : "file(animations)",
   "effects_root": "file(effects)"
}
