{
	 "skeleton": {
		 "arm": [0.000000,0.000000,0.000000],
		 "ATTOVERCOG": [0.000000,0.000000,115.000000],
		 "root": [0.000000,0.000000,0.000000],
		 "rope01": [0.000000,0.000000,0.000000],
		 "sheep": [0.000000,0.000000,0.000000],
		 "sling": [0.000000,0.000000,0.000000],
		 "stand": [0.000000,0.000000,0.000000],
		 "weight": [0.000000,0.000000,0.000000],
		 "winge": [0.000000,0.000000,0.000000]
	},
   "animation_root" : "file(animations)",
   "effects_root" : "file(effects)"
}
