{
   "type" : "rig",
   "skeleton": {
     "ATTITEM00": [15.000001,3.000000,2.500000],
     "ATTITEM01": [15.000001,-3.000000,2.500000],
     "ATTITEM02": [9.000000,3.000000,2.500000],
     "ATTITEM03": [9.000000,-3.000000,2.500000],
     "ATTITEM04": [3.000000,3.000000,2.500000],
     "ATTITEM05": [3.000000,-3.000000,2.500000],
     "ATTITEM06": [-3.000000,3.000000,2.500000],
     "ATTITEM07": [-3.000000,-3.000000,2.500000],
     "ATTITEM08": [-9.000000,3.000000,2.500000],
     "ATTITEM09": [-9.000000,-3.000000,2.500000],
     "ATTITEM10": [-15.000001,3.000000,2.500000],
     "ATTITEM11": [-15.000001,-3.000000,2.500000],
     "frame": [0.000000,0.000000,0.000000],
     "root": [0.000000,0.000000,0.000000]
   },
   "animation_root" : "file(animations)",
   "effects_root": "file(effects)"
}
